rid,split,client_id,gender
0,train,female_6,1
1,train,male_3,0
2,train,female_13,1
3,train,male_11,0
4,train,male_7,0
5,train,female_14,1
6,train,male_7,0
7,train,male_0,0
8,train,male_0,0
9,train,female_2,1
10,train,male_3,0
11,train,male_0,0
12,train,female_1,1
13,train,female_2,1
14,train,male_1,0
15,train,female_11,1
16,train,male_1,0
17,train,female_6,1
18,train,male_1,0
19,train,female_13,1
20,train,female_11,1
21,train,female_10,1
22,train,male_10,0
23,train,male_5,0
24,train,female_14,1
25,train,male_3,0
26,train,female_0,1
27,train,male_7,0
28,train,male_4,0
29,train,female_10,1
30,train,female_11,1
31,train,male_7,0
32,train,female_4,1
33,train,female_2,1
34,train,male_5,0
35,train,female_1,1
36,train,female_14,1
37,train,male_3,0
38,train,female_0,1
39,train,female_14,1
40,train,female_0,1
41,train,male_11,0
42,train,male_1,0
43,train,female_1,1
44,train,male_3,0
45,train,female_4,1
46,train,male_10,0
47,train,female_5,1
48,train,female_6,1
49,train,male_0,0
50,train,male_7,0
51,train,male_7,0
52,train,female_4,1
53,train,female_0,1
54,train,female_11,1
55,train,male_0,0
56,train,female_13,1
57,train,male_4,0
58,train,female_3,1
59,train,male_0,0
60,train,female_4,1
61,train,female_6,1
62,train,female_11,1
63,train,female_0,1
64,train,male_1,0
65,train,female_12,1
66,train,female_4,1
67,train,female_3,1
68,train,male_3,0
69,train,male_3,0
70,train,male_11,0
71,train,female_2,1
72,train,male_5,0
73,train,male_0,0
74,train,female_12,1
75,train,female_5,1
76,train,female_13,1
77,train,male_10,0
78,train,female_13,1
79,train,female_12,1
80,train,male_4,0
81,train,female_1,1
82,train,male_5,0
83,train,male_3,0
84,train,female_0,1
85,train,female_10,1
86,train,female_13,1
87,train,male_7,0
88,train,female_10,1
89,train,male_10,0
90,train,female_2,1
91,train,male_3,0
92,train,female_4,1
93,train,male_3,0
94,train,male_11,0
95,train,male_10,0
96,train,female_5,1
97,train,female_13,1
98,train,female_13,1
99,train,female_6,1
100,train,female_3,1
101,train,female_6,1
102,train,female_13,1
103,train,female_2,1
104,train,male_5,0
105,train,male_7,0
106,train,male_1,0
107,train,male_0,0
108,train,male_3,0
109,train,male_3,0
110,train,male_3,0
111,train,female_13,1
112,train,female_6,1
113,train,female_2,1
114,train,female_10,1
115,train,female_10,1
116,train,female_12,1
117,train,female_11,1
118,train,female_4,1
119,train,male_1,0
120,train,male_0,0
121,train,female_14,1
122,train,female_1,1
123,train,female_10,1
124,train,male_5,0
125,train,female_11,1
126,train,female_12,1
127,train,female_12,1
128,train,female_0,1
129,train,female_1,1
130,train,female_12,1
131,train,female_10,1
132,train,female_2,1
133,train,female_2,1
134,train,male_7,0
135,train,female_13,1
136,train,female_13,1
137,train,female_1,1
138,train,female_4,1
139,train,male_0,0
140,train,female_12,1
141,train,female_14,1
142,train,female_12,1
143,train,male_0,0
144,train,female_3,1
145,train,female_10,1
146,train,female_11,1
147,train,male_10,0
148,train,female_13,1
149,train,male_5,0
150,train,female_3,1
151,train,male_3,0
152,train,female_4,1
153,train,male_1,0
154,train,male_10,0
155,train,male_1,0
156,train,male_3,0
157,train,female_3,1
158,train,male_1,0
159,train,female_13,1
160,train,female_6,1
161,train,male_7,0
162,train,female_14,1
163,train,male_5,0
164,train,female_11,1
165,train,male_10,0
166,train,male_0,0
167,train,female_11,1
168,train,female_5,1
169,train,male_3,0
170,train,female_2,1
171,train,female_1,1
172,train,female_10,1
173,train,female_6,1
174,train,male_1,0
175,train,male_5,0
176,train,female_3,1
177,train,male_5,0
178,train,female_10,1
179,train,female_4,1
180,train,female_10,1
181,train,male_3,0
182,train,male_1,0
183,train,female_1,1
184,train,female_12,1
185,train,male_4,0
186,train,female_10,1
187,train,male_1,0
188,train,male_7,0
189,train,male_11,0
190,train,female_11,1
191,train,female_14,1
192,train,female_0,1
193,train,female_5,1
194,train,female_13,1
195,train,female_1,1
196,train,male_0,0
197,train,male_5,0
198,train,female_10,1
199,train,male_4,0
200,train,male_10,0
201,train,female_12,1
202,train,female_0,1
203,train,female_5,1
204,train,male_0,0
205,train,female_11,1
206,train,male_5,0
207,train,female_2,1
208,train,male_5,0
209,train,male_1,0
210,train,male_0,0
211,train,female_14,1
212,train,female_3,1
213,train,male_4,0
214,train,male_0,0
215,train,male_4,0
216,train,female_4,1
217,train,male_1,0
218,train,female_1,1
219,train,female_11,1
220,train,female_14,1
221,train,female_3,1
222,train,male_7,0
223,train,female_2,1
224,train,male_0,0
225,train,male_3,0
226,train,male_10,0
227,train,male_5,0
228,train,female_11,1
229,train,female_2,1
230,train,male_5,0
231,train,female_4,1
232,train,female_6,1
233,train,female_14,1
234,train,female_4,1
235,train,female_0,1
236,train,male_5,0
237,train,female_1,1
238,train,female_3,1
239,train,female_1,1
240,train,male_1,0
241,train,female_11,1
242,train,female_1,1
243,train,female_13,1
244,train,male_5,0
245,train,male_1,0
246,train,male_7,0
247,train,female_0,1
248,train,female_13,1
249,train,female_0,1
250,train,female_10,1
251,train,male_0,0
252,train,female_10,1
253,train,male_5,0
254,train,male_3,0
255,train,female_12,1
256,train,female_14,1
257,train,female_12,1
258,train,male_10,0
259,train,male_1,0
260,train,female_6,1
261,train,female_3,1
262,train,female_4,1
263,train,female_11,1
264,train,female_13,1
265,train,female_3,1
266,train,male_1,0
267,train,female_3,1
268,train,female_14,1
269,train,male_5,0
270,train,female_3,1
271,train,female_13,1
272,train,male_0,0
273,train,male_11,0
274,train,female_4,1
275,train,female_13,1
276,train,male_5,0
277,train,female_13,1
278,train,female_3,1
279,train,female_14,1
280,train,female_12,1
281,train,male_1,0
282,train,male_0,0
283,train,female_12,1
284,train,male_5,0
285,train,female_12,1
286,train,male_3,0
287,train,male_7,0
288,train,female_4,1
289,train,female_2,1
290,train,female_0,1
291,train,female_2,1
292,train,male_1,0
293,train,female_10,1
294,train,female_14,1
295,train,male_7,0
296,train,female_5,1
297,train,female_6,1
298,train,female_4,1
299,train,female_3,1
300,train,male_0,0
301,train,female_0,1
302,train,female_6,1
303,train,female_10,1
304,train,female_14,1
305,train,female_3,1
306,train,female_6,1
307,train,female_14,1
308,train,female_5,1
309,train,female_3,1
310,train,female_13,1
311,train,female_6,1
312,train,male_3,0
313,train,female_12,1
314,train,female_6,1
315,train,male_10,0
316,train,male_7,0
317,train,male_5,0
318,train,female_3,1
319,train,female_4,1
320,train,female_14,1
321,train,male_7,0
322,train,female_14,1
323,train,male_1,0
324,train,male_5,0
325,train,male_11,0
326,train,female_11,1
327,train,female_3,1
328,train,male_5,0
329,train,female_12,1
330,train,male_11,0
331,train,female_5,1
332,train,male_4,0
333,train,male_0,0
334,train,male_3,0
335,train,male_4,0
336,train,female_4,1
337,train,female_3,1
338,train,female_14,1
339,train,female_12,1
340,train,female_2,1
341,train,female_13,1
342,train,male_3,0
343,train,male_5,0
344,train,female_1,1
345,train,male_5,0
346,train,male_7,0
347,train,female_1,1
348,train,female_4,1
349,train,male_3,0
350,train,female_11,1
351,train,male_0,0
352,train,female_10,1
353,train,male_5,0
354,train,male_7,0
355,train,male_3,0
356,train,female_10,1
357,train,male_5,0
358,train,female_5,1
359,train,male_0,0
360,train,male_3,0
361,train,male_10,0
362,train,male_4,0
363,train,male_7,0
364,train,male_1,0
365,train,female_6,1
366,train,male_7,0
367,train,male_3,0
368,train,female_11,1
369,train,female_4,1
370,train,male_3,0
371,train,female_5,1
372,train,female_13,1
373,train,male_3,0
374,train,male_7,0
375,train,female_14,1
376,train,female_3,1
377,train,female_3,1
378,train,male_3,0
379,train,male_10,0
380,train,male_5,0
381,train,female_13,1
382,train,female_12,1
383,train,male_11,0
384,train,male_7,0
385,train,female_2,1
386,train,male_7,0
387,train,male_3,0
388,train,male_1,0
389,train,male_0,0
390,train,male_1,0
391,train,female_13,1
392,train,female_2,1
393,train,female_13,1
394,train,female_5,1
395,train,male_7,0
396,train,male_3,0
397,train,female_6,1
398,train,male_10,0
399,train,female_6,1
400,train,male_11,0
401,train,male_3,0
402,train,female_11,1
403,train,female_4,1
404,train,female_11,1
405,train,male_1,0
406,train,male_10,0
407,train,male_3,0
408,train,male_11,0
409,train,female_5,1
410,train,female_6,1
411,train,female_13,1
412,train,male_4,0
413,train,female_3,1
414,train,male_10,0
415,train,female_10,1
416,train,female_14,1
417,train,female_4,1
418,train,male_1,0
419,train,male_4,0
420,train,female_1,1
421,train,female_13,1
422,train,female_3,1
423,train,female_0,1
424,train,male_10,0
425,train,female_12,1
426,train,male_4,0
427,train,female_0,1
428,train,female_12,1
429,train,female_13,1
430,train,female_14,1
431,train,female_13,1
432,train,female_5,1
433,train,female_11,1
434,train,female_10,1
435,train,male_11,0
436,train,male_11,0
437,train,male_7,0
438,train,female_12,1
439,train,male_4,0
440,train,female_6,1
441,train,male_1,0
442,train,male_0,0
443,train,male_3,0
444,train,male_3,0
445,train,male_7,0
446,train,female_0,1
447,train,female_1,1
448,train,female_3,1
449,train,female_5,1
450,train,female_12,1
451,train,male_1,0
452,train,male_10,0
453,train,male_1,0
454,train,female_11,1
455,train,female_10,1
456,train,female_3,1
457,train,female_13,1
458,train,male_10,0
459,train,female_14,1
460,train,male_1,0
461,train,female_6,1
462,train,male_4,0
463,train,male_5,0
464,train,female_0,1
465,train,male_0,0
466,train,female_1,1
467,train,male_1,0
468,train,female_3,1
469,train,female_5,1
470,train,female_6,1
471,train,female_0,1
472,train,female_14,1
473,train,female_12,1
474,train,female_5,1
475,train,female_4,1
476,train,male_10,0
477,train,female_14,1
478,train,male_1,0
479,train,female_2,1
480,train,female_3,1
481,train,female_11,1
482,train,male_7,0
483,train,male_0,0
484,train,female_6,1
485,train,female_4,1
486,train,female_6,1
487,train,female_5,1
488,train,female_12,1
489,train,female_13,1
490,train,male_7,0
491,train,female_10,1
492,train,female_1,1
493,train,female_1,1
494,train,female_4,1
495,train,female_11,1
496,train,female_3,1
497,train,female_5,1
498,train,male_1,0
499,train,male_1,0
500,train,female_3,1
501,train,female_2,1
502,train,female_11,1
503,train,female_4,1
504,train,female_12,1
505,train,female_12,1
506,train,male_0,0
507,train,female_14,1
508,train,female_13,1
509,train,female_11,1
510,train,female_10,1
511,train,female_0,1
512,train,female_3,1
513,train,female_1,1
514,train,male_5,0
515,train,male_7,0
516,train,male_0,0
517,train,female_2,1
518,train,female_1,1
519,train,female_6,1
520,train,male_4,0
521,train,male_7,0
522,train,male_7,0
523,train,female_4,1
524,train,male_10,0
525,train,female_0,1
526,train,female_11,1
527,train,female_10,1
528,train,male_3,0
529,train,female_12,1
530,train,male_0,0
531,train,male_7,0
532,train,female_12,1
533,train,male_4,0
534,train,male_5,0
535,train,female_4,1
536,train,male_10,0
537,train,male_0,0
538,train,female_10,1
539,train,female_12,1
540,train,male_10,0
541,train,female_0,1
542,train,female_0,1
543,train,male_4,0
544,train,female_6,1
545,train,female_6,1
546,train,female_1,1
547,train,male_0,0
548,train,female_6,1
549,train,female_10,1
550,train,male_5,0
551,train,female_4,1
552,train,female_11,1
553,train,male_0,0
554,train,female_2,1
555,train,female_13,1
556,train,female_11,1
557,train,male_3,0
558,train,male_1,0
559,train,male_4,0
560,train,female_3,1
561,train,female_5,1
562,train,female_14,1
563,train,female_1,1
564,train,female_14,1
565,train,male_5,0
566,train,female_1,1
567,train,female_3,1
568,train,male_4,0
569,train,female_4,1
570,train,female_3,1
571,train,male_1,0
572,train,female_2,1
573,train,female_2,1
574,train,female_13,1
575,train,female_6,1
576,train,female_6,1
577,train,male_7,0
578,train,male_5,0
579,train,female_2,1
580,train,female_14,1
581,train,female_13,1
582,train,female_1,1
583,train,female_6,1
584,train,female_10,1
585,train,male_3,0
586,train,female_2,1
587,train,female_10,1
588,train,male_4,0
589,train,female_11,1
590,train,male_10,0
591,train,male_3,0
592,train,male_7,0
593,train,female_3,1
594,train,male_3,0
595,train,male_0,0
596,train,male_11,0
597,train,female_2,1
598,train,male_11,0
599,train,female_14,1
600,train,female_3,1
601,train,female_12,1
602,train,male_11,0
603,train,female_1,1
604,train,female_2,1
605,train,female_1,1
606,train,male_5,0
607,train,female_12,1
608,train,male_0,0
609,train,male_0,0
610,train,female_6,1
611,train,female_12,1
612,train,male_10,0
613,train,male_4,0
614,train,female_12,1
615,train,female_12,1
616,train,female_13,1
617,train,female_12,1
618,train,female_6,1
619,train,male_4,0
620,train,female_14,1
621,train,female_2,1
622,train,female_1,1
623,train,female_2,1
624,train,male_1,0
625,train,female_11,1
626,train,male_4,0
627,train,male_3,0
628,train,female_3,1
629,train,male_0,0
630,train,female_13,1
631,train,female_12,1
632,train,male_11,0
633,train,male_7,0
634,train,male_7,0
635,train,female_14,1
636,train,female_13,1
637,train,female_4,1
638,train,female_0,1
639,train,male_0,0
640,train,female_13,1
641,train,female_13,1
642,train,male_7,0
643,train,female_14,1
644,train,female_12,1
645,train,female_12,1
646,train,male_7,0
647,train,male_4,0
648,train,female_2,1
649,train,female_6,1
650,train,female_10,1
651,train,male_3,0
652,train,female_5,1
653,train,female_1,1
654,train,male_10,0
655,train,male_1,0
656,train,female_2,1
657,train,male_0,0
658,train,male_3,0
659,train,female_13,1
660,train,female_5,1
661,train,male_3,0
662,train,female_6,1
663,train,female_12,1
664,train,male_3,0
665,train,female_2,1
666,train,male_5,0
667,train,male_5,0
668,train,female_2,1
669,train,female_0,1
670,train,female_13,1
671,train,female_1,1
672,train,male_10,0
673,train,male_4,0
674,train,male_3,0
675,train,female_6,1
676,train,female_14,1
677,train,male_1,0
678,train,female_1,1
679,train,female_10,1
680,train,female_3,1
681,train,female_10,1
682,train,female_0,1
683,train,male_0,0
684,train,male_3,0
685,train,male_11,0
686,train,male_7,0
687,train,male_0,0
688,train,female_11,1
689,train,female_3,1
690,train,female_12,1
691,train,female_6,1
692,train,female_6,1
693,train,male_3,0
694,train,female_4,1
695,train,male_7,0
696,train,female_4,1
697,train,female_5,1
698,train,female_1,1
699,train,male_10,0
700,train,male_7,0
701,train,male_3,0
702,train,female_2,1
703,train,male_4,0
704,train,male_11,0
705,train,male_7,0
706,train,female_14,1
707,train,male_5,0
708,train,female_13,1
709,train,male_1,0
710,train,male_11,0
711,train,female_4,1
712,train,male_5,0
713,train,female_11,1
714,train,male_7,0
715,train,male_3,0
716,train,female_13,1
717,train,female_2,1
718,train,female_6,1
719,train,male_4,0
720,train,male_1,0
721,train,female_11,1
722,train,male_5,0
723,train,female_13,1
724,train,male_0,0
725,train,male_10,0
726,train,female_1,1
727,train,female_13,1
728,train,male_1,0
729,train,male_4,0
730,train,female_6,1
731,train,male_4,0
732,train,male_4,0
733,train,male_1,0
734,train,female_14,1
735,train,female_1,1
736,train,male_3,0
737,train,male_0,0
738,train,female_1,1
739,train,male_7,0
740,train,female_10,1
741,train,female_13,1
742,train,male_10,0
743,train,female_11,1
744,train,male_7,0
745,train,male_4,0
746,train,female_1,1
747,train,female_3,1
748,train,female_3,1
749,train,female_1,1
750,train,female_14,1
751,train,female_12,1
752,train,male_1,0
753,train,female_11,1
754,train,male_5,0
755,train,male_5,0
756,train,male_10,0
757,train,female_13,1
758,train,male_3,0
759,train,female_11,1
760,train,male_3,0
761,train,female_11,1
762,train,male_4,0
763,train,female_10,1
764,train,male_11,0
765,train,female_12,1
766,train,female_2,1
767,train,female_13,1
768,train,female_2,1
769,train,male_10,0
770,train,female_0,1
771,train,male_7,0
772,train,female_12,1
773,train,male_7,0
774,train,male_3,0
775,train,female_5,1
776,train,female_10,1
777,train,male_5,0
778,train,male_4,0
779,train,female_6,1
780,train,female_2,1
781,train,male_7,0
782,train,female_6,1
783,train,female_0,1
784,train,male_1,0
785,train,male_3,0
786,train,male_0,0
787,train,female_14,1
788,train,female_0,1
789,train,female_6,1
790,train,male_7,0
791,train,female_10,1
792,train,female_5,1
793,train,male_4,0
794,train,female_11,1
795,train,male_4,0
796,train,male_4,0
797,train,female_13,1
798,train,female_3,1
799,train,female_0,1
800,train,male_7,0
801,train,female_2,1
802,train,male_3,0
803,train,female_4,1
804,train,female_12,1
805,train,male_4,0
806,train,female_3,1
807,train,female_10,1
808,train,male_10,0
809,train,female_3,1
810,train,male_5,0
811,train,female_12,1
812,train,male_7,0
813,train,female_0,1
814,train,male_10,0
815,train,female_6,1
816,train,female_4,1
817,train,male_4,0
818,train,female_5,1
819,train,male_0,0
820,train,male_3,0
821,train,male_3,0
822,train,female_11,1
823,train,male_10,0
824,train,male_10,0
825,train,female_6,1
826,train,female_4,1
827,train,male_4,0
828,train,female_2,1
829,train,male_4,0
830,train,female_11,1
831,train,male_4,0
832,train,male_1,0
833,train,female_11,1
834,train,male_7,0
835,train,male_3,0
836,train,female_13,1
837,train,male_3,0
838,train,female_2,1
839,train,male_10,0
840,train,male_5,0
841,train,female_13,1
842,train,female_1,1
843,train,female_10,1
844,train,male_10,0
845,train,female_5,1
846,train,male_10,0
847,train,female_1,1
848,train,male_4,0
849,train,female_6,1
850,train,male_3,0
851,train,female_0,1
852,train,female_4,1
853,train,female_14,1
854,train,female_12,1
855,train,female_13,1
856,train,male_0,0
857,train,male_7,0
858,train,male_4,0
859,train,male_7,0
860,train,female_6,1
861,train,female_6,1
862,train,male_10,0
863,train,female_13,1
864,train,female_3,1
865,train,male_4,0
866,train,female_3,1
867,train,female_2,1
868,train,female_14,1
869,train,male_3,0
870,train,female_14,1
871,train,female_14,1
872,train,male_0,0
873,train,female_14,1
874,train,male_4,0
875,train,female_10,1
876,train,male_1,0
877,train,male_1,0
878,train,female_4,1
879,train,female_13,1
880,train,male_11,0
881,train,female_13,1
882,train,female_11,1
883,train,male_0,0
884,train,male_0,0
885,train,female_6,1
886,train,female_1,1
887,train,female_4,1
888,train,male_10,0
889,train,female_12,1
890,train,female_2,1
891,train,male_10,0
892,train,female_3,1
893,train,female_0,1
894,train,female_13,1
895,train,female_12,1
896,train,male_10,0
897,train,female_6,1
898,train,female_3,1
899,train,female_4,1
900,train,female_10,1
901,train,male_7,0
902,train,male_3,0
903,train,male_3,0
904,train,female_0,1
905,train,female_14,1
906,train,female_11,1
907,train,female_10,1
908,train,female_13,1
909,train,female_6,1
910,train,female_13,1
911,train,female_2,1
912,train,female_14,1
913,train,female_3,1
914,train,male_4,0
915,train,male_3,0
916,train,female_13,1
917,train,male_4,0
918,train,female_1,1
919,train,male_4,0
920,train,male_3,0
921,train,female_0,1
922,train,male_1,0
923,train,male_1,0
924,train,female_3,1
925,train,female_14,1
926,train,female_14,1
927,train,female_3,1
928,train,male_1,0
929,train,male_1,0
930,train,male_0,0
931,train,male_4,0
932,train,male_5,0
933,train,male_4,0
934,train,female_2,1
935,train,female_0,1
936,train,female_12,1
937,train,female_3,1
938,train,female_2,1
939,train,male_3,0
940,train,female_10,1
941,train,female_1,1
942,train,male_4,0
943,train,female_1,1
944,train,female_5,1
945,train,female_4,1
946,train,female_0,1
947,train,male_3,0
948,train,female_6,1
949,train,female_11,1
950,train,female_10,1
951,train,female_1,1
952,train,female_3,1
953,train,female_4,1
954,train,male_0,0
955,train,male_5,0
956,train,male_7,0
957,train,male_7,0
958,train,female_12,1
959,train,female_6,1
960,train,female_3,1
961,train,female_12,1
962,train,female_12,1
963,train,female_1,1
964,train,female_1,1
965,train,male_0,0
966,train,female_0,1
967,train,male_1,0
968,train,female_1,1
969,train,male_1,0
970,train,female_14,1
971,train,female_1,1
972,train,male_3,0
973,train,female_2,1
974,train,male_1,0
975,train,female_5,1
976,train,female_10,1
977,train,female_14,1
978,train,female_6,1
979,train,female_6,1
980,train,female_14,1
981,train,female_5,1
982,train,male_4,0
983,train,male_1,0
984,train,male_7,0
985,train,female_0,1
986,train,female_14,1
987,train,female_12,1
988,train,female_2,1
989,train,female_10,1
990,train,male_10,0
991,train,male_4,0
992,train,male_4,0
993,train,male_10,0
994,train,female_12,1
995,train,female_4,1
996,train,female_10,1
997,train,female_3,1
998,train,male_11,0
999,train,female_6,1
1000,train,female_11,1
1001,train,female_5,1
1002,train,female_3,1
1003,train,female_11,1
1004,train,female_2,1
1005,train,female_10,1
1006,train,male_0,0
1007,train,male_1,0
1008,train,female_14,1
1009,train,female_14,1
1010,train,male_0,0
1011,train,female_3,1
1012,train,male_11,0
1013,train,female_14,1
1014,train,female_1,1
1015,train,female_2,1
1016,train,female_3,1
1017,train,female_4,1
1018,train,male_10,0
1019,train,male_10,0
1020,train,male_3,0
1021,train,female_14,1
1022,train,male_10,0
1023,train,male_5,0
1024,train,female_3,1
1025,train,female_2,1
1026,train,male_7,0
1027,train,male_4,0
1028,train,male_0,0
1029,train,male_7,0
1030,train,female_12,1
1031,train,female_10,1
1032,train,female_1,1
1033,train,female_5,1
1034,train,female_10,1
1035,train,male_0,0
1036,train,female_14,1
1037,train,female_14,1
1038,train,male_3,0
1039,train,female_10,1
1040,train,male_5,0
1041,train,female_5,1
1042,train,female_14,1
1043,train,female_12,1
1044,train,male_10,0
1045,train,male_7,0
1046,train,female_13,1
1047,train,female_5,1
1048,train,female_0,1
1049,train,female_3,1
1050,train,female_4,1
1051,train,male_11,0
1052,train,female_3,1
1053,train,male_7,0
1054,train,male_4,0
1055,train,male_0,0
1056,train,male_3,0
1057,train,male_5,0
1058,train,female_13,1
1059,train,male_1,0
1060,train,male_7,0
1061,train,male_4,0
1062,train,female_13,1
1063,train,female_4,1
1064,train,female_1,1
1065,train,male_1,0
1066,train,male_1,0
1067,train,female_5,1
1068,train,male_5,0
1069,train,male_11,0
1070,train,female_0,1
1071,train,male_3,0
1072,train,male_11,0
1073,train,female_12,1
1074,train,male_10,0
1075,train,male_7,0
1076,train,female_14,1
1077,train,male_0,0
1078,train,female_12,1
1079,train,female_1,1
1080,train,female_12,1
1081,train,female_0,1
1082,train,male_3,0
1083,train,female_3,1
1084,train,female_13,1
1085,train,female_10,1
1086,train,female_1,1
1087,train,female_11,1
1088,train,female_12,1
1089,train,male_4,0
1090,train,female_4,1
1091,train,male_0,0
1092,train,male_0,0
1093,train,female_13,1
1094,train,female_4,1
1095,train,female_4,1
1096,train,male_3,0
1097,train,female_12,1
1098,train,male_5,0
1099,train,female_0,1
1100,train,female_13,1
1101,train,male_7,0
1102,train,female_13,1
1103,train,female_6,1
1104,train,female_2,1
1105,train,male_7,0
1106,train,male_4,0
1107,train,female_11,1
1108,train,female_6,1
1109,train,female_5,1
1110,train,male_1,0
1111,train,male_1,0
1112,train,female_1,1
1113,train,male_1,0
1114,train,female_4,1
1115,train,female_11,1
1116,train,female_5,1
1117,train,female_5,1
1118,train,female_10,1
1119,train,male_10,0
1120,train,female_14,1
1121,train,male_10,0
1122,train,male_0,0
1123,train,female_14,1
1124,train,female_10,1
1125,train,female_1,1
1126,train,female_0,1
1127,train,male_1,0
1128,train,male_0,0
1129,train,male_10,0
1130,train,male_0,0
1131,train,female_11,1
1132,train,male_10,0
1133,train,female_6,1
1134,train,male_0,0
1135,train,male_4,0
1136,train,male_11,0
1137,train,female_3,1
1138,train,female_3,1
1139,train,female_0,1
1140,train,female_1,1
1141,train,female_1,1
1142,train,female_1,1
1143,train,female_14,1
1144,train,male_4,0
1145,train,female_6,1
1146,train,female_3,1
1147,train,female_5,1
1148,train,male_7,0
1149,train,male_10,0
1150,train,male_3,0
1151,train,female_0,1
1152,train,male_0,0
1153,train,female_11,1
1154,train,female_5,1
1155,train,male_11,0
1156,train,female_4,1
1157,train,male_5,0
1158,train,female_2,1
1159,train,female_5,1
1160,train,female_6,1
1161,train,female_4,1
1162,train,male_4,0
1163,train,female_6,1
1164,train,female_2,1
1165,train,female_11,1
1166,train,male_3,0
1167,train,female_0,1
1168,train,male_4,0
1169,train,female_3,1
1170,train,female_13,1
1171,train,female_5,1
1172,train,female_6,1
1173,train,female_4,1
1174,train,female_0,1
1175,train,female_6,1
1176,train,female_6,1
1177,train,female_0,1
1178,train,female_13,1
1179,train,female_0,1
1180,train,female_14,1
1181,train,female_5,1
1182,train,female_1,1
1183,train,male_5,0
1184,train,female_3,1
1185,train,female_14,1
1186,train,female_11,1
1187,train,female_3,1
1188,train,male_1,0
1189,train,female_13,1
1190,train,female_1,1
1191,train,female_11,1
1192,train,female_12,1
1193,train,female_0,1
1194,train,female_12,1
1195,train,female_13,1
1196,train,female_10,1
1197,train,female_1,1
1198,train,female_5,1
1199,train,male_7,0
1200,train,male_4,0
1201,train,male_1,0
1202,train,male_4,0
1203,train,female_0,1
1204,train,male_3,0
1205,train,female_3,1
1206,train,female_14,1
1207,train,female_5,1
1208,train,male_7,0
1209,train,male_1,0
1210,train,male_1,0
1211,train,female_14,1
1212,train,female_11,1
1213,train,female_0,1
1214,train,male_7,0
1215,train,male_1,0
1216,train,female_1,1
1217,train,male_7,0
1218,train,female_10,1
1219,train,male_1,0
1220,train,female_2,1
1221,train,male_7,0
1222,train,female_2,1
1223,train,female_3,1
1224,train,male_3,0
1225,train,female_0,1
1226,train,male_10,0
1227,train,male_7,0
1228,train,male_1,0
1229,train,male_5,0
1230,train,male_0,0
1231,train,male_5,0
1232,train,female_2,1
1233,train,female_14,1
1234,train,male_5,0
1235,train,female_13,1
1236,train,female_10,1
1237,train,female_3,1
1238,train,female_13,1
1239,train,female_14,1
1240,train,male_10,0
1241,train,female_4,1
1242,train,male_3,0
1243,train,female_10,1
1244,train,female_1,1
1245,train,male_11,0
1246,train,female_13,1
1247,train,female_4,1
1248,train,female_11,1
1249,train,female_6,1
1250,train,female_3,1
1251,train,female_14,1
1252,train,female_2,1
1253,train,male_1,0
1254,train,female_12,1
1255,train,male_10,0
1256,train,male_0,0
1257,train,female_13,1
1258,train,female_0,1
1259,train,female_1,1
1260,train,male_0,0
1261,train,female_3,1
1262,train,female_0,1
1263,train,male_7,0
1264,train,female_13,1
1265,train,female_1,1
1266,train,male_4,0
1267,train,male_1,0
1268,train,female_10,1
1269,train,male_5,0
1270,train,male_7,0
1271,train,male_4,0
1272,train,female_10,1
1273,train,male_3,0
1274,train,female_11,1
1275,train,female_2,1
1276,train,male_4,0
1277,train,male_10,0
1278,train,male_10,0
1279,train,female_11,1
1280,train,male_5,0
1281,train,female_14,1
1282,train,female_10,1
1283,train,male_3,0
1284,train,female_14,1
1285,train,male_5,0
1286,train,male_3,0
1287,train,female_2,1
1288,train,female_14,1
1289,train,female_0,1
1290,train,female_2,1
1291,train,female_6,1
1292,train,male_0,0
1293,train,female_1,1
1294,train,female_11,1
1295,train,female_0,1
1296,train,male_0,0
1297,train,female_10,1
1298,train,female_10,1
1299,train,female_4,1
1300,train,male_4,0
1301,train,female_12,1
1302,train,female_12,1
1303,train,male_3,0
1304,train,female_3,1
1305,train,male_7,0
1306,train,female_3,1
1307,train,female_4,1
1308,train,male_3,0
1309,train,male_10,0
1310,train,male_5,0
1311,train,female_4,1
1312,train,female_0,1
1313,train,male_0,0
1314,train,male_10,0
1315,train,female_1,1
1316,train,female_14,1
1317,train,female_2,1
1318,train,male_0,0
1319,train,female_3,1
1320,train,male_5,0
1321,train,female_14,1
1322,train,male_4,0
1323,train,male_10,0
1324,train,male_5,0
1325,train,male_0,0
1326,train,female_0,1
1327,train,male_1,0
1328,train,male_4,0
1329,train,female_12,1
1330,train,female_6,1
1331,train,male_1,0
1332,train,female_11,1
1333,train,male_1,0
1334,train,female_6,1
1335,train,male_5,0
1336,train,male_7,0
1337,train,male_3,0
1338,train,male_1,0
1339,train,male_10,0
1340,train,female_4,1
1341,train,female_11,1
1342,train,female_12,1
1343,train,female_14,1
1344,train,female_1,1
1345,train,male_3,0
1346,train,male_11,0
1347,train,female_11,1
1348,train,female_4,1
1349,train,female_10,1
1350,train,female_6,1
1351,train,female_10,1
1352,train,female_6,1
1353,train,male_10,0
1354,train,female_1,1
1355,train,male_3,0
1356,train,female_1,1
1357,train,female_0,1
1358,train,male_3,0
1359,train,female_0,1
1360,train,male_1,0
1361,train,male_5,0
1362,train,male_7,0
1363,train,male_4,0
1364,train,male_3,0
1365,train,female_2,1
1366,train,male_7,0
1367,train,male_4,0
1368,train,female_0,1
1369,train,female_13,1
1370,train,male_4,0
1371,train,male_7,0
1372,train,female_14,1
1373,train,female_1,1
1374,train,female_13,1
1375,train,male_4,0
1376,train,female_14,1
1377,train,female_10,1
1378,train,female_10,1
1379,train,male_0,0
1380,train,female_1,1
1381,train,male_11,0
1382,train,female_4,1
1383,train,female_11,1
1384,train,male_1,0
1385,train,female_1,1
1386,train,female_5,1
1387,train,female_1,1
1388,train,female_10,1
1389,train,male_5,0
1390,train,male_0,0
1391,train,male_3,0
1392,train,male_4,0
1393,train,female_1,1
1394,train,male_11,0
1395,train,male_10,0
1396,train,female_4,1
1397,train,female_6,1
1398,train,female_4,1
1399,train,male_1,0
1400,train,female_10,1
1401,train,male_11,0
1402,train,female_1,1
1403,train,female_13,1
1404,train,male_5,0
1405,train,male_4,0
1406,train,female_3,1
1407,train,male_0,0
1408,train,male_4,0
1409,train,male_0,0
1410,train,male_11,0
1411,train,male_7,0
1412,train,female_14,1
1413,train,male_3,0
1414,train,female_14,1
1415,train,female_12,1
1416,train,male_7,0
1417,train,female_10,1
1418,train,male_5,0
1419,train,female_3,1
1420,train,male_10,0
1421,train,male_4,0
1422,train,female_12,1
1423,train,female_5,1
1424,train,male_1,0
1425,train,female_13,1
1426,train,female_4,1
1427,train,female_0,1
1428,train,female_14,1
1429,train,female_14,1
1430,train,male_1,0
1431,train,female_10,1
1432,train,female_1,1
1433,train,female_6,1
1434,train,female_6,1
1435,train,female_5,1
1436,train,male_0,0
1437,train,female_2,1
1438,train,male_1,0
1439,train,female_1,1
1440,train,female_6,1
1441,train,female_2,1
1442,train,female_12,1
1443,train,male_3,0
1444,train,female_2,1
1445,train,female_12,1
1446,train,female_3,1
1447,train,male_3,0
1448,train,female_1,1
1449,train,male_1,0
1450,train,male_5,0
1451,train,female_4,1
1452,train,female_11,1
1453,train,male_1,0
1454,train,male_1,0
1455,train,female_1,1
1456,train,female_3,1
1457,train,male_7,0
1458,train,male_0,0
1459,train,female_12,1
1460,train,male_4,0
1461,train,female_0,1
1462,train,male_11,0
1463,train,female_0,1
1464,train,female_2,1
1465,train,female_1,1
1466,train,female_5,1
1467,train,male_1,0
1468,train,female_10,1
1469,train,male_4,0
1470,train,male_3,0
1471,train,female_2,1
1472,train,male_5,0
1473,train,female_4,1
1474,train,male_1,0
1475,train,female_13,1
1476,train,female_13,1
1477,train,male_7,0
1478,train,female_3,1
1479,train,male_4,0
1480,train,male_7,0
1481,train,female_12,1
1482,train,female_6,1
1483,train,female_10,1
1484,train,male_0,0
1485,train,male_10,0
1486,train,female_6,1
1487,train,female_12,1
1488,train,female_6,1
1489,train,male_11,0
1490,train,female_11,1
1491,train,female_13,1
1492,train,female_11,1
1493,train,male_1,0
1494,train,female_13,1
1495,train,female_10,1
1496,train,male_3,0
1497,train,female_2,1
1498,train,female_14,1
1499,train,female_11,1
1500,train,female_5,1
1501,train,female_12,1
1502,train,female_1,1
1503,train,female_4,1
1504,train,male_4,0
1505,train,female_6,1
1506,train,female_13,1
1507,train,female_6,1
1508,train,female_12,1
1509,train,male_5,0
1510,train,female_12,1
1511,train,female_4,1
1512,train,female_3,1
1513,train,male_0,0
1514,train,male_10,0
1515,train,male_11,0
1516,train,female_14,1
1517,train,female_14,1
1518,train,female_3,1
1519,train,male_11,0
1520,train,female_14,1
1521,train,female_1,1
1522,train,male_3,0
1523,train,female_1,1
1524,train,female_5,1
1525,train,female_3,1
1526,train,male_3,0
1527,train,male_0,0
1528,train,female_11,1
1529,train,female_3,1
1530,train,male_7,0
1531,train,male_3,0
1532,train,male_7,0
1533,train,female_14,1
1534,train,male_3,0
1535,train,female_3,1
1536,train,male_10,0
1537,train,female_10,1
1538,train,female_11,1
1539,train,female_5,1
1540,train,female_12,1
1541,train,female_14,1
1542,train,male_5,0
1543,train,female_1,1
1544,train,female_1,1
1545,train,female_11,1
1546,train,female_12,1
1547,train,female_14,1
1548,train,female_10,1
1549,train,male_11,0
1550,train,female_12,1
1551,train,female_13,1
1552,train,female_4,1
1553,train,male_5,0
1554,train,female_4,1
1555,train,male_5,0
1556,train,female_1,1
1557,train,female_1,1
1558,train,female_12,1
1559,train,female_3,1
1560,train,male_3,0
1561,train,female_14,1
1562,train,female_3,1
1563,train,female_12,1
1564,train,female_2,1
1565,train,female_2,1
1566,train,male_4,0
1567,train,female_12,1
1568,train,male_7,0
1569,train,male_5,0
1570,train,female_1,1
1571,train,male_1,0
1572,train,female_2,1
1573,train,female_14,1
1574,train,female_1,1
1575,train,male_5,0
1576,train,female_6,1
1577,train,female_11,1
1578,train,female_2,1
1579,train,female_4,1
1580,train,female_1,1
1581,train,male_11,0
1582,train,female_10,1
1583,train,male_4,0
1584,train,male_10,0
1585,train,male_0,0
1586,train,female_0,1
1587,train,female_3,1
1588,train,male_3,0
1589,train,female_14,1
1590,train,male_0,0
1591,train,female_3,1
1592,train,female_0,1
1593,train,male_1,0
1594,train,female_12,1
1595,train,male_0,0
1596,train,female_12,1
1597,train,male_5,0
1598,train,female_1,1
1599,train,male_7,0
1600,train,female_3,1
1601,train,female_3,1
1602,train,male_11,0
1603,train,female_14,1
1604,train,male_4,0
1605,train,male_3,0
1606,train,female_11,1
1607,train,female_13,1
1608,train,female_6,1
1609,train,female_3,1
1610,train,female_14,1
1611,train,female_0,1
1612,train,female_0,1
1613,train,male_7,0
1614,train,male_3,0
1615,train,male_7,0
1616,train,female_0,1
1617,train,female_6,1
1618,train,female_4,1
1619,train,female_10,1
1620,train,male_7,0
1621,train,male_11,0
1622,train,female_1,1
1623,train,male_1,0
1624,train,female_4,1
1625,train,female_2,1
1626,train,female_1,1
1627,train,female_3,1
1628,train,male_5,0
1629,train,male_0,0
1630,train,female_14,1
1631,train,male_7,0
1632,train,male_5,0
1633,train,female_14,1
1634,train,female_10,1
1635,train,female_12,1
1636,train,female_14,1
1637,train,female_0,1
1638,train,male_4,0
1639,train,female_11,1
1640,train,female_0,1
1641,train,female_11,1
1642,train,female_3,1
1643,train,female_12,1
1644,train,female_4,1
1645,train,male_7,0
1646,train,male_11,0
1647,train,female_4,1
1648,train,female_14,1
1649,train,female_1,1
1650,train,male_7,0
1651,train,male_7,0
1652,train,male_10,0
1653,train,male_3,0
1654,train,female_14,1
1655,train,male_7,0
1656,train,female_5,1
1657,train,female_1,1
1658,train,female_2,1
1659,train,female_10,1
1660,train,male_7,0
1661,train,male_0,0
1662,train,male_4,0
1663,train,male_3,0
1664,train,female_13,1
1665,train,male_0,0
1666,train,female_14,1
1667,train,male_0,0
1668,train,female_0,1
1669,train,male_1,0
1670,train,male_7,0
1671,train,female_0,1
1672,train,female_1,1
1673,train,male_7,0
1674,train,female_3,1
1675,train,male_10,0
1676,train,female_13,1
1677,train,female_10,1
1678,train,female_6,1
1679,train,female_5,1
1680,train,female_10,1
1681,train,male_3,0
1682,train,female_14,1
1683,train,female_5,1
1684,train,male_3,0
1685,train,male_3,0
1686,train,female_2,1
1687,train,male_7,0
1688,train,female_14,1
1689,train,female_1,1
1690,train,female_11,1
1691,train,male_10,0
1692,train,female_13,1
1693,train,male_5,0
1694,train,female_0,1
1695,train,female_13,1
1696,train,female_10,1
1697,train,female_5,1
1698,train,male_7,0
1699,train,female_1,1
1700,train,male_4,0
1701,train,male_3,0
1702,train,male_4,0
1703,train,female_12,1
1704,train,female_12,1
1705,train,male_3,0
1706,train,female_4,1
1707,train,female_10,1
1708,train,female_3,1
1709,train,female_3,1
1710,train,female_12,1
1711,train,female_13,1
1712,train,male_1,0
1713,train,female_4,1
1714,train,female_11,1
1715,train,male_7,0
1716,train,male_0,0
1717,train,female_14,1
1718,train,male_3,0
1719,train,male_3,0
1720,train,male_0,0
1721,train,male_7,0
1722,train,female_14,1
1723,train,female_2,1
1724,train,female_4,1
1725,train,female_14,1
1726,train,female_13,1
1727,train,male_4,0
1728,train,female_1,1
1729,train,female_10,1
1730,train,male_7,0
1731,train,female_4,1
1732,train,female_4,1
1733,train,female_14,1
1734,train,male_4,0
1735,train,male_10,0
1736,train,male_11,0
1737,train,male_1,0
1738,train,male_10,0
1739,train,female_11,1
1740,train,female_6,1
1741,train,female_3,1
1742,train,male_7,0
1743,train,male_1,0
1744,train,female_12,1
1745,train,female_2,1
1746,train,female_6,1
1747,train,male_10,0
1748,train,female_11,1
1749,train,female_4,1
1750,train,female_1,1
1751,train,male_7,0
1752,train,male_5,0
1753,train,male_3,0
1754,train,female_5,1
1755,train,female_5,1
1756,train,female_12,1
1757,train,female_12,1
1758,train,female_14,1
1759,train,female_12,1
1760,train,male_10,0
1761,train,male_3,0
1762,train,female_6,1
1763,train,male_5,0
1764,train,male_4,0
1765,train,female_10,1
1766,train,female_4,1
1767,train,female_14,1
1768,train,female_14,1
1769,train,male_5,0
1770,train,female_14,1
1771,train,male_5,0
1772,train,female_4,1
1773,train,male_4,0
1774,train,female_2,1
1775,train,male_7,0
1776,train,female_14,1
1777,train,male_3,0
1778,train,female_14,1
1779,train,male_10,0
1780,train,female_13,1
1781,train,female_4,1
1782,train,female_6,1
1783,train,male_10,0
1784,train,female_2,1
1785,train,male_0,0
1786,train,male_4,0
1787,train,female_13,1
1788,train,male_4,0
1789,train,female_2,1
1790,train,female_10,1
1791,train,male_0,0
1792,train,male_7,0
1793,train,female_13,1
1794,train,female_5,1
1795,train,male_10,0
1796,train,male_4,0
1797,train,female_4,1
1798,train,female_12,1
1799,train,female_6,1
1800,train,female_11,1
1801,train,female_11,1
1802,train,male_7,0
1803,train,female_0,1
1804,train,male_10,0
1805,train,male_4,0
1806,train,male_11,0
1807,train,female_11,1
1808,train,male_0,0
1809,train,female_6,1
1810,train,female_14,1
1811,train,male_4,0
1812,train,female_12,1
1813,train,female_0,1
1814,train,female_0,1
1815,train,female_13,1
1816,train,female_3,1
1817,train,female_12,1
1818,train,female_1,1
1819,train,female_0,1
1820,train,female_12,1
1821,train,female_0,1
1822,train,male_3,0
1823,train,female_12,1
1824,train,male_7,0
1825,train,female_14,1
1826,train,male_11,0
1827,train,female_12,1
1828,train,male_11,0
1829,train,male_3,0
1830,train,female_14,1
1831,train,male_0,0
1832,train,female_3,1
1833,train,female_11,1
1834,train,female_2,1
1835,train,male_4,0
1836,train,female_11,1
1837,train,female_13,1
1838,train,female_2,1
1839,train,male_4,0
1840,train,male_3,0
1841,train,female_4,1
1842,train,female_13,1
1843,train,female_10,1
1844,train,female_11,1
1845,train,male_11,0
1846,train,male_7,0
1847,train,male_0,0
1848,train,male_3,0
1849,train,female_2,1
1850,train,male_10,0
1851,train,female_0,1
1852,train,female_5,1
1853,train,female_0,1
1854,train,female_3,1
1855,train,female_14,1
1856,train,female_13,1
1857,train,male_10,0
1858,train,female_2,1
1859,train,male_5,0
1860,train,female_11,1
1861,train,female_10,1
1862,train,male_7,0
1863,train,male_0,0
1864,train,female_13,1
1865,train,female_5,1
1866,train,male_1,0
1867,train,male_0,0
1868,train,female_10,1
1869,train,male_1,0
1870,train,male_1,0
1871,train,male_10,0
1872,train,female_0,1
1873,train,female_3,1
1874,train,female_4,1
1875,train,female_6,1
1876,train,female_11,1
1877,train,male_5,0
1878,train,male_10,0
1879,train,male_4,0
1880,train,female_4,1
1881,train,female_2,1
1882,train,male_4,0
1883,train,female_1,1
1884,train,male_4,0
1885,train,female_12,1
1886,train,female_4,1
1887,train,male_7,0
1888,train,female_4,1
1889,train,female_1,1
1890,train,female_4,1
1891,train,female_4,1
1892,train,male_3,0
1893,train,male_10,0
1894,train,female_2,1
1895,train,female_2,1
1896,train,female_6,1
1897,train,female_12,1
1898,train,male_4,0
1899,train,female_10,1
1900,train,female_4,1
1901,train,male_1,0
1902,train,female_1,1
1903,train,female_12,1
1904,train,female_10,1
1905,train,female_2,1
1906,train,male_5,0
1907,train,female_11,1
1908,train,female_5,1
1909,train,male_4,0
1910,train,male_7,0
1911,train,male_7,0
1912,train,male_0,0
1913,train,female_5,1
1914,train,female_2,1
1915,train,female_1,1
1916,train,female_6,1
1917,train,male_4,0
1918,train,male_5,0
1919,train,male_0,0
1920,train,female_13,1
1921,train,female_12,1
1922,train,female_4,1
1923,train,female_0,1
1924,train,male_1,0
1925,train,male_10,0
1926,train,female_11,1
1927,train,female_2,1
1928,train,female_12,1
1929,train,female_2,1
1930,train,female_6,1
1931,train,female_10,1
1932,train,female_4,1
1933,train,female_2,1
1934,train,male_3,0
1935,train,female_0,1
1936,train,male_1,0
1937,train,male_3,0
1938,train,male_10,0
1939,train,male_7,0
1940,train,female_12,1
1941,train,female_12,1
1942,train,female_0,1
1943,train,male_11,0
1944,train,female_14,1
1945,train,female_1,1
1946,train,male_7,0
1947,train,female_12,1
1948,train,female_0,1
1949,train,female_5,1
1950,train,female_2,1
1951,train,female_12,1
1952,train,female_5,1
1953,train,male_10,0
1954,train,female_1,1
1955,train,male_3,0
1956,train,female_13,1
1957,train,male_0,0
1958,train,female_5,1
1959,train,female_5,1
1960,train,male_7,0
1961,train,female_10,1
1962,train,female_1,1
1963,train,female_14,1
1964,train,male_5,0
1965,train,female_14,1
1966,train,female_0,1
1967,train,female_3,1
1968,train,female_1,1
1969,train,female_13,1
1970,train,male_7,0
1971,train,female_1,1
1972,train,male_7,0
1973,train,female_14,1
1974,train,female_14,1
1975,train,female_6,1
1976,train,male_4,0
1977,train,female_6,1
1978,train,female_2,1
1979,train,male_11,0
1980,train,female_5,1
1981,train,female_3,1
1982,train,female_10,1
1983,train,female_11,1
1984,train,male_7,0
1985,train,female_3,1
1986,train,female_13,1
1987,train,male_11,0
1988,train,female_0,1
1989,train,female_3,1
1990,train,female_5,1
1991,train,female_10,1
1992,train,female_3,1
1993,train,female_13,1
1994,train,female_4,1
1995,train,female_14,1
1996,train,male_7,0
1997,train,female_4,1
1998,train,female_1,1
1999,train,female_0,1
2000,train,male_1,0
2001,train,male_5,0
2002,train,male_0,0
2003,train,male_0,0
2004,train,female_1,1
2005,train,male_7,0
2006,train,female_6,1
2007,train,male_0,0
2008,train,female_10,1
2009,train,male_0,0
2010,train,female_13,1
2011,train,female_14,1
2012,train,male_7,0
2013,train,female_3,1
2014,train,female_1,1
2015,train,male_10,0
2016,train,male_1,0
2017,train,female_12,1
2018,train,female_10,1
2019,train,male_10,0
2020,train,female_11,1
2021,train,male_1,0
2022,train,male_10,0
2023,train,female_5,1
2024,train,female_12,1
2025,train,male_5,0
2026,train,male_10,0
2027,train,female_11,1
2028,train,male_4,0
2029,train,male_1,0
2030,train,female_1,1
2031,train,female_3,1
2032,train,female_11,1
2033,train,female_3,1
2034,train,female_1,1
2035,train,female_10,1
2036,train,female_13,1
2037,train,female_10,1
2038,train,female_11,1
2039,train,female_2,1
2040,train,female_11,1
2041,train,male_11,0
2042,train,female_14,1
2043,train,female_14,1
2044,train,male_1,0
2045,train,male_4,0
2046,train,female_6,1
2047,train,female_2,1
2048,train,male_5,0
2049,train,female_0,1
2050,train,female_4,1
2051,train,female_4,1
2052,train,female_1,1
2053,train,male_10,0
2054,train,female_4,1
2055,train,male_4,0
2056,train,male_3,0
2057,train,female_-1,1
2058,train,male_7,0
2059,train,female_2,1
2060,train,female_10,1
2061,train,female_13,1
2062,train,female_10,1
2063,train,male_1,0
2064,train,female_1,1
2065,train,male_5,0
2066,train,male_0,0
2067,train,female_10,1
2068,train,male_4,0
2069,train,female_6,1
2070,train,male_1,0
2071,train,female_12,1
2072,train,female_11,1
2073,train,female_1,1
2074,train,male_0,0
2075,train,male_1,0
2076,train,female_12,1
2077,train,female_2,1
2078,train,male_4,0
2079,train,male_11,0
2080,train,male_4,0
2081,train,female_13,1
2082,train,male_5,0
2083,train,female_2,1
2084,train,male_4,0
2085,train,female_10,1
2086,train,male_1,0
2087,train,male_11,0
2088,train,male_4,0
2089,train,male_5,0
2090,train,female_4,1
2091,train,male_11,0
2092,train,female_2,1
2093,train,female_14,1
2094,train,male_7,0
2095,train,male_7,0
2096,train,female_0,1
2097,train,female_2,1
2098,train,male_7,0
2099,train,male_0,0
2100,train,male_3,0
2101,train,female_10,1
2102,train,male_1,0
2103,train,female_12,1
2104,train,female_12,1
2105,train,female_0,1
2106,train,male_4,0
2107,train,female_10,1
2108,train,female_4,1
2109,train,female_3,1
2110,train,male_4,0
2111,train,female_4,1
2112,train,female_4,1
2113,train,male_5,0
2114,train,male_0,0
2115,train,male_10,0
2116,train,female_0,1
2117,train,female_0,1
2118,train,female_4,1
2119,train,female_11,1
2120,train,female_10,1
2121,train,female_0,1
2122,train,male_4,0
2123,train,female_12,1
2124,train,female_4,1
2125,train,male_7,0
2126,train,male_5,0
2127,train,female_1,1
2128,train,female_4,1
2129,train,female_6,1
2130,train,female_2,1
2131,train,female_4,1
2132,train,female_14,1
2133,train,female_10,1
2134,train,female_2,1
2135,train,female_5,1
2136,train,male_7,0
2137,train,male_4,0
2138,train,male_7,0
2139,train,female_5,1
2140,train,male_3,0
2141,train,female_2,1
2142,train,male_11,0
2143,train,male_7,0
2144,train,female_2,1
2145,train,female_3,1
2146,train,male_11,0
2147,train,male_5,0
2148,train,male_1,0
2149,train,male_1,0
2150,train,female_12,1
2151,train,female_11,1
2152,train,female_3,1
2153,train,male_7,0
2154,train,female_0,1
2155,train,female_10,1
2156,train,female_12,1
2157,train,male_0,0
2158,train,female_0,1
2159,train,female_1,1
2160,train,female_0,1
2161,train,male_4,0
2162,train,female_4,1
2163,train,female_6,1
2164,train,male_5,0
2165,train,male_1,0
2166,train,female_13,1
2167,train,female_10,1
2168,train,female_5,1
2169,train,female_0,1
2170,train,male_0,0
2171,train,male_7,0
2172,train,male_5,0
2173,train,male_11,0
2174,train,female_1,1
2175,train,female_0,1
2176,train,female_3,1
2177,train,female_14,1
2178,train,female_0,1
2179,train,female_14,1
2180,train,female_2,1
2181,train,male_7,0
2182,train,male_3,0
2183,train,female_14,1
2184,train,female_0,1
2185,train,female_12,1
2186,train,female_1,1
2187,train,female_1,1
2188,train,female_5,1
2189,train,female_2,1
2190,train,male_1,0
2191,train,male_5,0
2192,train,male_3,0
2193,train,female_14,1
2194,train,female_1,1
2195,train,male_4,0
2196,train,male_5,0
2197,train,female_11,1
2198,train,male_5,0
2199,train,male_4,0
2200,train,female_14,1
2201,train,male_0,0
2202,train,female_3,1
2203,train,female_4,1
2204,train,male_3,0
2205,train,female_6,1
2206,train,male_1,0
2207,train,female_2,1
2208,train,female_0,1
2209,train,male_3,0
2210,train,male_7,0
2211,train,female_3,1
2212,train,female_3,1
2213,train,female_2,1
2214,train,female_3,1
2215,train,male_7,0
2216,train,male_7,0
2217,train,female_4,1
2218,train,female_11,1
2219,train,female_2,1
2220,train,male_11,0
2221,train,male_1,0
2222,train,female_5,1
2223,train,female_11,1
2224,train,male_3,0
2225,train,female_13,1
2226,train,female_11,1
2227,train,male_5,0
2228,train,female_13,1
2229,train,female_12,1
2230,train,female_11,1
2231,train,female_6,1
2232,train,male_7,0
2233,train,female_14,1
2234,train,male_4,0
2235,train,female_3,1
2236,train,female_5,1
2237,train,female_1,1
2238,train,male_5,0
2239,train,male_4,0
2240,train,female_1,1
2241,train,female_0,1
2242,train,male_3,0
2243,train,female_13,1
2244,train,male_4,0
2245,train,female_3,1
2246,train,female_6,1
2247,train,female_1,1
2248,train,male_10,0
2249,train,male_3,0
2250,train,female_11,1
2251,train,male_11,0
2252,train,female_6,1
2253,train,female_0,1
2254,train,female_1,1
2255,train,female_0,1
2256,train,male_1,0
2257,train,female_13,1
2258,train,male_3,0
2259,train,male_3,0
2260,train,male_4,0
2261,train,female_11,1
2262,train,female_14,1
2263,train,male_4,0
2264,train,female_11,1
2265,train,female_14,1
2266,train,female_4,1
2267,train,female_12,1
2268,train,female_4,1
2269,train,male_3,0
2270,train,female_5,1
2271,train,male_5,0
2272,train,female_6,1
2273,train,female_11,1
2274,train,male_3,0
2275,train,male_10,0
2276,train,female_0,1
2277,train,male_0,0
2278,train,male_3,0
2279,train,female_0,1
2280,train,female_10,1
2281,train,female_3,1
2282,train,female_11,1
2283,train,female_0,1
2284,train,female_1,1
2285,train,female_0,1
2286,train,female_13,1
2287,train,female_14,1
2288,train,male_4,0
2289,train,male_0,0
2290,train,female_10,1
2291,train,female_5,1
2292,train,male_4,0
2293,train,male_3,0
2294,train,male_5,0
2295,train,male_10,0
2296,train,male_0,0
2297,train,female_3,1
2298,train,male_10,0
2299,train,female_4,1
2300,train,female_10,1
2301,train,male_4,0
2302,train,female_3,1
2303,train,female_11,1
2304,train,male_11,0
2305,train,female_0,1
2306,train,male_10,0
2307,train,male_1,0
2308,train,female_5,1
2309,train,female_12,1
2310,train,female_13,1
2311,train,female_12,1
2312,train,male_11,0
2313,train,female_2,1
2314,train,female_3,1
2315,train,male_11,0
2316,train,female_3,1
2317,train,female_6,1
2318,train,female_11,1
2319,train,female_2,1
2320,train,female_2,1
2321,train,female_10,1
2322,train,male_1,0
2323,train,female_11,1
2324,train,female_10,1
2325,train,female_13,1
2326,train,female_3,1
2327,train,female_3,1
2328,train,female_13,1
2329,train,female_11,1
2330,train,male_1,0
2331,train,male_10,0
2332,train,female_13,1
2333,train,male_0,0
2334,train,female_5,1
2335,train,male_4,0
2336,train,female_5,1
2337,train,male_0,0
2338,train,female_3,1
2339,train,male_3,0
2340,train,male_3,0
2341,train,male_4,0
2342,train,male_7,0
2343,train,male_3,0
2344,train,male_3,0
2345,train,male_4,0
2346,train,female_12,1
2347,train,male_5,0
2348,train,female_12,1
2349,train,female_0,1
2350,train,male_3,0
2351,train,male_1,0
2352,train,female_0,1
2353,train,female_10,1
2354,train,male_4,0
2355,train,male_3,0
2356,train,female_4,1
2357,train,female_6,1
2358,train,female_14,1
2359,train,female_0,1
2360,train,male_7,0
2361,train,female_0,1
2362,train,female_6,1
2363,train,female_4,1
2364,train,female_3,1
2365,train,female_0,1
2366,train,female_5,1
2367,train,female_14,1
2368,train,female_3,1
2369,train,male_1,0
2370,train,female_3,1
2371,train,male_7,0
2372,train,female_11,1
2373,train,female_5,1
2374,train,female_12,1
2375,train,male_3,0
2376,train,male_4,0
2377,train,male_1,0
2378,train,male_3,0
2379,train,female_14,1
2380,train,female_5,1
2381,train,female_1,1
2382,train,female_2,1
2383,train,female_13,1
2384,train,female_2,1
2385,train,male_5,0
2386,train,female_10,1
2387,train,male_4,0
2388,train,female_11,1
2389,train,male_1,0
2390,train,female_1,1
2391,train,female_11,1
2392,train,female_2,1
2393,train,female_10,1
2394,train,male_1,0
2395,train,female_13,1
2396,train,female_6,1
2397,train,female_6,1
2398,train,male_5,0
2399,train,female_6,1
2400,train,female_2,1
2401,train,male_0,0
2402,train,female_13,1
2403,train,female_11,1
2404,train,female_12,1
2405,train,male_4,0
2406,train,female_6,1
2407,train,female_11,1
2408,train,male_10,0
2409,train,female_10,1
2410,train,male_7,0
2411,train,female_12,1
2412,train,male_5,0
2413,train,female_1,1
2414,train,female_13,1
2415,train,male_1,0
2416,train,female_13,1
2417,train,female_14,1
2418,train,male_5,0
2419,train,female_1,1
2420,train,female_14,1
2421,train,female_10,1
2422,train,male_1,0
2423,train,female_1,1
2424,train,female_12,1
2425,train,male_11,0
2426,train,female_11,1
2427,train,male_1,0
2428,train,female_11,1
2429,train,male_7,0
2430,train,male_4,0
2431,train,female_13,1
2432,train,female_4,1
2433,train,female_11,1
2434,train,female_4,1
2435,train,male_4,0
2436,train,male_11,0
2437,train,male_5,0
2438,train,female_14,1
2439,train,male_11,0
2440,train,male_0,0
2441,train,female_2,1
2442,train,male_4,0
2443,train,female_5,1
2444,train,male_10,0
2445,train,female_13,1
2446,train,male_10,0
2447,train,female_10,1
2448,train,female_6,1
2449,train,female_14,1
2450,train,male_5,0
2451,train,male_0,0
2452,train,female_11,1
2453,train,male_7,0
2454,train,female_3,1
2455,train,male_5,0
2456,train,female_4,1
2457,train,female_6,1
2458,train,female_11,1
2459,train,female_14,1
2460,train,male_10,0
2461,train,female_5,1
2462,train,female_2,1
2463,train,male_5,0
2464,train,female_12,1
2465,train,female_2,1
2466,train,female_2,1
2467,train,male_0,0
2468,train,male_3,0
2469,train,female_11,1
2470,train,female_11,1
2471,train,male_3,0
2472,train,female_1,1
2473,train,male_0,0
2474,train,male_3,0
2475,train,male_5,0
2476,train,male_5,0
2477,train,female_11,1
2478,train,male_3,0
2479,train,female_4,1
2480,train,female_12,1
2481,train,female_3,1
2482,train,female_5,1
2483,train,female_1,1
2484,train,female_2,1
2485,train,male_10,0
2486,train,female_2,1
2487,train,female_3,1
2488,train,female_4,1
2489,train,female_0,1
2490,train,male_0,0
2491,train,female_10,1
2492,train,male_4,0
2493,train,female_5,1
2494,train,female_4,1
2495,train,male_4,0
2496,train,female_0,1
2497,train,female_6,1
2498,train,male_7,0
2499,train,female_2,1
2500,train,male_0,0
2501,train,male_5,0
2502,train,female_13,1
2503,train,male_7,0
2504,train,female_6,1
2505,train,female_10,1
2506,train,female_0,1
2507,train,male_4,0
2508,train,female_6,1
2509,train,male_5,0
2510,train,female_0,1
2511,train,male_5,0
2512,train,female_0,1
2513,train,female_10,1
2514,train,male_3,0
2515,train,female_5,1
2516,train,female_13,1
2517,train,male_3,0
2518,train,female_0,1
2519,train,male_0,0
2520,train,female_13,1
2521,train,male_3,0
2522,train,female_4,1
2523,train,male_4,0
2524,train,male_10,0
2525,train,female_12,1
2526,train,male_5,0
2527,train,female_0,1
2528,train,female_0,1
2529,train,female_2,1
2530,train,female_0,1
2531,train,male_7,0
2532,train,male_5,0
2533,train,female_4,1
2534,train,male_7,0
2535,train,male_0,0
2536,train,female_14,1
2537,train,female_0,1
2538,train,male_5,0
2539,train,male_4,0
2540,train,female_2,1
2541,train,female_10,1
2542,train,male_1,0
2543,train,male_1,0
2544,train,female_3,1
2545,train,female_1,1
2546,train,female_3,1
2547,train,male_0,0
2548,train,female_10,1
2549,train,female_2,1
2550,train,female_12,1
2551,train,female_11,1
2552,train,female_2,1
2553,train,female_10,1
2554,train,female_4,1
2555,train,male_11,0
2556,train,male_0,0
2557,train,male_3,0
2558,train,male_0,0
2559,train,female_2,1
2560,train,female_6,1
2561,train,male_1,0
2562,train,female_6,1
2563,train,female_13,1
2564,train,female_13,1
2565,train,female_5,1
2566,train,female_2,1
2567,train,female_14,1
2568,train,female_0,1
2569,train,female_12,1
2570,train,female_13,1
2571,train,male_1,0
2572,train,female_12,1
2573,train,female_11,1
2574,train,male_7,0
2575,train,male_1,0
2576,train,male_0,0
2577,train,male_0,0
2578,train,female_11,1
2579,train,female_11,1
2580,train,female_1,1
2581,train,female_4,1
2582,train,male_10,0
2583,train,female_12,1
2584,train,male_4,0
2585,train,female_12,1
2586,train,female_2,1
2587,train,female_14,1
2588,train,female_1,1
2589,train,female_13,1
2590,train,female_3,1
2591,train,female_13,1
2592,train,female_2,1
2593,train,male_4,0
2594,train,male_4,0
2595,train,male_11,0
2596,train,female_10,1
2597,train,male_1,0
2598,train,female_4,1
2599,train,female_13,1
2600,train,female_6,1
2601,train,female_1,1
2602,validation,male_6,0
2603,validation,female_8,1
2604,validation,male_2,0
2605,validation,female_9,1
2606,validation,female_8,1
2607,validation,female_9,1
2608,validation,male_8,0
2609,validation,female_8,1
2610,validation,male_8,0
2611,validation,female_8,1
2612,validation,female_7,1
2613,validation,female_8,1
2614,validation,female_9,1
2615,validation,male_8,0
2616,validation,male_8,0
2617,validation,male_8,0
2618,validation,male_8,0
2619,validation,female_8,1
2620,validation,female_7,1
2621,validation,female_8,1
2622,validation,female_9,1
2623,validation,female_9,1
2624,validation,female_8,1
2625,validation,female_8,1
2626,validation,male_8,0
2627,validation,female_8,1
2628,validation,male_9,0
2629,validation,female_9,1
2630,validation,female_9,1
2631,validation,female_8,1
2632,validation,female_7,1
2633,validation,female_9,1
2634,validation,female_8,1
2635,validation,female_8,1
2636,validation,female_8,1
2637,validation,female_9,1
2638,validation,female_9,1
2639,validation,female_9,1
2640,validation,female_7,1
2641,validation,male_8,0
2642,validation,female_8,1
2643,validation,male_6,0
2644,validation,female_9,1
2645,validation,male_6,0
2646,validation,female_9,1
2647,validation,female_9,1
2648,validation,female_9,1
2649,validation,female_8,1
2650,validation,male_8,0
2651,validation,male_8,0
2652,validation,female_7,1
2653,validation,female_8,1
2654,validation,male_8,0
2655,validation,male_8,0
2656,validation,male_8,0
2657,validation,male_6,0
2658,validation,female_9,1
2659,validation,female_9,1
2660,validation,female_8,1
2661,validation,female_8,1
2662,validation,female_8,1
2663,validation,male_8,0
2664,validation,male_8,0
2665,validation,female_9,1
2666,validation,male_6,0
2667,validation,male_6,0
2668,validation,female_9,1
2669,validation,male_8,0
2670,validation,female_8,1
2671,validation,female_8,1
2672,validation,female_8,1
2673,validation,female_9,1
2674,validation,female_8,1
2675,validation,female_8,1
2676,validation,male_8,0
2677,validation,female_8,1
2678,validation,male_6,0
2679,validation,female_9,1
2680,validation,female_9,1
2681,validation,male_8,0
2682,validation,male_8,0
2683,validation,female_8,1
2684,validation,female_8,1
2685,validation,male_8,0
2686,validation,male_8,0
2687,validation,female_9,1
2688,validation,female_8,1
2689,validation,female_7,1
2690,validation,male_8,0
2691,validation,female_8,1
2692,validation,male_8,0
2693,validation,female_8,1
2694,validation,female_9,1
2695,validation,female_9,1
2696,validation,female_9,1
2697,validation,male_8,0
2698,validation,female_8,1
2699,validation,female_7,1
2700,validation,female_8,1
2701,validation,female_8,1
2702,validation,female_8,1
2703,validation,female_7,1
2704,validation,female_8,1
2705,validation,male_9,0
2706,validation,female_9,1
2707,validation,female_7,1
2708,validation,male_8,0
2709,validation,male_6,0
2710,validation,female_8,1
2711,validation,female_9,1
2712,validation,female_7,1
2713,validation,male_8,0
2714,validation,female_9,1
2715,validation,female_9,1
2716,validation,female_8,1
2717,validation,female_8,1
2718,validation,female_9,1
2719,validation,female_8,1
2720,validation,male_8,0
2721,validation,female_9,1
2722,validation,male_8,0
2723,validation,male_6,0
2724,validation,male_8,0
2725,validation,female_9,1
2726,validation,female_9,1
2727,validation,female_8,1
2728,validation,female_9,1
2729,validation,male_8,0
2730,validation,male_6,0
2731,validation,female_8,1
2732,validation,female_8,1
2733,validation,female_7,1
2734,validation,female_7,1
2735,validation,female_9,1
2736,validation,female_8,1
2737,validation,female_8,1
2738,validation,male_8,0
2739,validation,female_9,1
2740,validation,male_9,0
2741,validation,male_8,0
2742,validation,female_7,1
2743,validation,female_9,1
2744,validation,male_8,0
2745,validation,male_8,0
2746,validation,male_8,0
2747,validation,male_8,0
2748,validation,female_9,1
2749,validation,female_8,1
2750,validation,male_6,0
2751,validation,male_8,0
2752,validation,female_8,1
2753,validation,female_9,1
2754,validation,male_6,0
2755,validation,male_6,0
2756,validation,female_9,1
2757,validation,female_9,1
2758,validation,female_8,1
2759,validation,male_8,0
2760,validation,female_8,1
2761,validation,female_9,1
2762,validation,female_8,1
2763,validation,male_8,0
2764,validation,male_8,0
2765,validation,male_8,0
2766,validation,male_8,0
2767,validation,female_7,1
2768,validation,female_8,1
2769,validation,female_8,1
2770,validation,male_6,0
2771,validation,female_8,1
2772,validation,female_9,1
2773,validation,male_9,0
2774,validation,female_9,1
2775,validation,male_6,0
2776,validation,male_9,0
2777,validation,male_8,0
2778,validation,male_8,0
2779,validation,female_8,1
2780,validation,female_8,1
2781,validation,female_8,1
2782,validation,male_8,0
2783,validation,female_8,1
2784,validation,female_9,1
2785,validation,female_9,1
2786,validation,female_8,1
2787,validation,female_9,1
2788,validation,female_9,1
2789,validation,female_7,1
2790,validation,female_9,1
2791,validation,female_8,1
2792,validation,female_8,1
2793,validation,female_8,1
2794,validation,male_6,0
2795,validation,female_9,1
2796,validation,female_7,1
2797,validation,female_7,1
2798,validation,female_7,1
2799,validation,male_6,0
2800,validation,female_8,1
2801,validation,male_8,0
2802,validation,male_6,0
2803,validation,male_8,0
2804,validation,male_8,0
2805,validation,female_9,1
2806,validation,male_8,0
2807,validation,male_6,0
2808,validation,female_9,1
2809,validation,female_7,1
2810,validation,female_8,1
2811,validation,female_9,1
2812,validation,female_8,1
2813,validation,female_8,1
2814,validation,female_9,1
2815,validation,female_9,1
2816,validation,female_8,1
2817,validation,female_8,1
2818,validation,male_2,0
2819,validation,female_9,1
2820,validation,male_8,0
2821,validation,female_7,1
2822,validation,male_8,0
2823,validation,female_8,1
2824,validation,male_8,0
2825,validation,female_9,1
2826,validation,male_6,0
2827,validation,male_8,0
2828,validation,female_7,1
2829,validation,female_9,1
2830,validation,male_8,0
2831,validation,female_9,1
2832,validation,female_8,1
2833,validation,male_6,0
2834,validation,female_8,1
2835,validation,female_9,1
2836,validation,female_7,1
2837,validation,female_9,1
2838,validation,female_8,1
2839,validation,female_9,1
2840,validation,female_9,1
2841,validation,female_8,1
2842,validation,female_8,1
2843,validation,male_6,0
2844,validation,female_8,1
2845,validation,male_8,0
2846,validation,female_7,1
2847,validation,female_9,1
2848,validation,male_2,0
2849,validation,male_6,0
2850,validation,male_8,0
2851,validation,female_7,1
2852,validation,female_7,1
2853,validation,female_9,1
2854,validation,female_8,1
2855,validation,male_8,0
2856,validation,male_8,0
2857,validation,female_9,1
2858,validation,female_9,1
2859,validation,male_2,0
2860,validation,female_7,1
2861,validation,female_9,1
2862,validation,male_2,0
2863,validation,female_8,1
2864,validation,female_9,1
2865,validation,male_6,0
2866,validation,female_8,1
2867,validation,female_9,1
2868,validation,male_8,0
2869,validation,female_9,1
2870,validation,male_9,0
2871,validation,female_9,1
2872,validation,female_9,1
2873,validation,female_7,1
2874,validation,male_8,0
2875,validation,female_8,1
2876,validation,male_8,0
2877,validation,male_8,0
2878,validation,male_8,0
2879,validation,female_8,1
2880,validation,male_6,0
2881,validation,male_6,0
2882,validation,female_8,1
2883,validation,female_7,1
2884,validation,female_9,1
2885,validation,male_8,0
2886,validation,female_9,1
2887,validation,female_8,1
2888,validation,male_8,0
2889,validation,male_6,0
2890,validation,male_6,0
2891,validation,female_8,1
2892,validation,female_8,1
2893,validation,male_6,0
2894,validation,female_9,1
2895,validation,female_8,1
2896,validation,female_7,1
2897,validation,female_9,1
2898,validation,male_6,0
2899,validation,male_8,0
2900,validation,male_8,0
2901,validation,male_6,0
2902,validation,male_8,0
2903,validation,female_9,1
2904,validation,female_9,1
2905,validation,female_7,1
2906,validation,female_7,1
2907,validation,male_6,0
2908,validation,female_9,1
2909,validation,female_8,1
2910,validation,female_9,1
2911,validation,female_9,1
2912,validation,female_9,1
2913,validation,female_9,1
2914,validation,male_8,0
2915,validation,male_6,0
2916,validation,female_9,1
2917,validation,female_8,1
2918,validation,female_9,1
2919,validation,male_6,0
2920,validation,male_6,0
2921,validation,male_8,0
2922,validation,female_8,1
2923,validation,female_8,1
2924,validation,male_8,0
2925,validation,male_6,0
2926,validation,female_8,1
2927,validation,male_8,0
2928,validation,female_8,1
2929,validation,female_8,1
2930,validation,male_8,0
2931,validation,male_8,0
2932,validation,male_9,0
2933,validation,male_8,0
2934,validation,female_9,1
2935,validation,female_9,1
2936,validation,male_8,0
2937,validation,female_8,1
2938,validation,female_8,1
2939,validation,male_8,0
2940,validation,female_8,1
2941,validation,male_6,0
2942,validation,female_7,1
2943,validation,male_8,0
2944,validation,female_8,1
2945,validation,male_8,0
2946,validation,male_6,0
2947,validation,female_9,1
2948,validation,female_9,1
2949,validation,female_8,1
2950,validation,male_8,0
2951,validation,female_7,1
2952,validation,male_8,0
2953,validation,female_7,1
2954,validation,male_6,0
2955,validation,male_8,0
2956,validation,male_6,0
2957,validation,female_9,1
2958,validation,female_8,1
2959,validation,male_8,0
2960,validation,female_8,1
2961,validation,male_6,0
2962,validation,female_9,1
2963,validation,female_9,1
2964,validation,female_8,1
2965,validation,male_8,0
2966,validation,female_9,1
2967,validation,female_8,1
2968,validation,female_7,1
2969,validation,female_8,1
2970,validation,male_8,0
2971,validation,male_6,0
2972,validation,female_9,1
2973,validation,female_9,1
2974,validation,male_8,0
2975,validation,female_7,1
2976,validation,male_8,0
2977,validation,male_8,0
2978,validation,female_8,1
2979,validation,male_8,0
2980,validation,female_9,1
2981,validation,female_8,1
2982,validation,male_8,0
2983,validation,male_2,0
2984,validation,female_8,1
2985,validation,male_8,0
2986,validation,female_9,1
2987,validation,female_9,1
2988,validation,female_8,1
2989,validation,female_8,1
2990,validation,male_9,0
2991,validation,male_8,0
2992,validation,female_7,1
2993,validation,female_9,1
2994,validation,male_8,0
2995,validation,female_7,1
2996,test,male_6,0
2997,test,male_8,0
2998,test,female_9,1
2999,test,female_9,1
3000,test,female_9,1
3001,test,male_8,0
3002,test,female_7,1
3003,test,female_8,1
3004,test,male_8,0
3005,test,female_8,1
3006,test,female_9,1
3007,test,female_9,1
3008,test,female_8,1
3009,test,female_7,1
3010,test,male_2,0
3011,test,male_8,0
3012,test,female_7,1
3013,test,female_8,1
3014,test,male_-1,0
3015,test,male_6,0
3016,test,female_8,1
3017,test,female_9,1
3018,test,male_8,0
3019,test,female_8,1
3020,test,male_2,0
3021,test,male_8,0
3022,test,female_9,1
3023,test,male_8,0
3024,test,female_9,1
3025,test,male_8,0
3026,test,female_9,1
3027,test,male_8,0
3028,test,female_8,1
3029,test,female_7,1
3030,test,male_8,0
3031,test,female_8,1
3032,test,male_8,0
3033,test,female_9,1
3034,test,female_9,1
3035,test,female_9,1
3036,test,male_8,0
3037,test,female_8,1
3038,test,male_6,0
3039,test,female_9,1
3040,test,male_9,0
3041,test,male_8,0
3042,test,female_9,1
3043,test,female_9,1
3044,test,male_8,0
3045,test,female_9,1
3046,test,male_8,0
3047,test,female_8,1
3048,test,female_8,1
3049,test,female_8,1
3050,test,female_9,1
3051,test,female_9,1
3052,test,female_9,1
3053,test,female_9,1
3054,test,female_8,1
3055,test,female_7,1
3056,test,female_9,1
3057,test,female_8,1
3058,test,female_8,1
3059,test,female_8,1
3060,test,female_8,1
3061,test,male_8,0
3062,test,female_9,1
3063,test,female_8,1
3064,test,male_8,0
3065,test,male_6,0
3066,test,female_9,1
3067,test,female_9,1
3068,test,male_8,0
3069,test,female_7,1
3070,test,male_6,0
3071,test,female_9,1
3072,test,male_8,0
3073,test,female_8,1
3074,test,female_7,1
3075,test,female_7,1
3076,test,male_8,0
3077,test,male_8,0
3078,test,female_8,1
3079,test,female_8,1
3080,test,female_9,1
3081,test,female_8,1
3082,test,male_6,0
3083,test,female_8,1
3084,test,male_6,0
3085,test,male_6,0
3086,test,female_8,1
3087,test,female_8,1
3088,test,male_8,0
3089,test,female_8,1
3090,test,female_7,1
3091,test,female_9,1
3092,test,female_8,1
3093,test,female_9,1
3094,test,male_8,0
3095,test,female_9,1
3096,test,female_9,1
3097,test,female_8,1
3098,test,female_8,1
3099,test,male_6,0
3100,test,male_8,0
3101,test,male_8,0
3102,test,male_8,0
3103,test,female_7,1
3104,test,male_6,0
3105,test,male_6,0
3106,test,female_8,1
3107,test,female_9,1
3108,test,female_8,1
3109,test,female_8,1
3110,test,male_8,0
3111,test,female_9,1
3112,test,female_9,1
3113,test,female_8,1
3114,test,female_9,1
3115,test,female_9,1
3116,test,female_8,1
3117,test,female_9,1
3118,test,male_8,0
3119,test,male_6,0
3120,test,male_6,0
3121,test,male_6,0
3122,test,male_6,0
3123,test,female_8,1
3124,test,male_8,0
3125,test,female_9,1
3126,test,female_8,1
3127,test,male_6,0
3128,test,female_9,1
3129,test,female_7,1
3130,test,male_8,0
3131,test,female_8,1
3132,test,male_8,0
3133,test,female_8,1
3134,test,male_6,0
3135,test,female_9,1
3136,test,male_8,0
3137,test,male_8,0
3138,test,female_9,1
3139,test,male_6,0
3140,test,female_9,1
3141,test,female_9,1
3142,test,female_9,1
3143,test,female_7,1
3144,test,male_6,0
3145,test,male_8,0
3146,test,male_8,0
3147,test,female_8,1
3148,test,female_8,1
3149,test,female_8,1
3150,test,female_8,1
3151,test,female_8,1
3152,test,female_8,1
3153,test,male_8,0
3154,test,female_9,1
3155,test,female_8,1
3156,test,male_8,0
3157,test,female_8,1
3158,test,female_8,1
3159,test,male_8,0
3160,test,female_7,1
3161,test,female_9,1
3162,test,female_9,1
3163,test,female_9,1
3164,test,female_9,1
3165,test,female_9,1
3166,test,male_8,0
3167,test,female_8,1
3168,test,female_8,1
3169,test,female_7,1
3170,test,female_9,1
3171,test,female_8,1
3172,test,female_8,1
3173,test,male_8,0
3174,test,female_9,1
3175,test,male_8,0
3176,test,male_8,0
3177,test,male_8,0
3178,test,male_8,0
3179,test,female_9,1
3180,test,female_9,1
3181,test,male_8,0
3182,test,male_8,0
3183,test,male_6,0
3184,test,male_2,0
3185,test,female_8,1
3186,test,female_8,1
3187,test,female_8,1
3188,test,female_8,1
3189,test,male_8,0
3190,test,male_2,0
3191,test,female_8,1
3192,test,female_8,1
3193,test,female_9,1
3194,test,female_8,1
3195,test,female_9,1
3196,test,female_8,1
3197,test,female_9,1
3198,test,male_8,0
3199,test,female_9,1
3200,test,female_8,1
3201,test,male_6,0
3202,test,female_9,1
3203,test,female_8,1
3204,test,female_8,1
3205,test,female_8,1
3206,test,female_9,1
3207,test,male_8,0
3208,test,female_8,1
3209,test,female_9,1
3210,test,female_9,1
3211,test,male_8,0
3212,test,female_8,1
3213,test,female_8,1
3214,test,female_9,1
3215,test,female_8,1
3216,test,male_6,0
3217,test,female_8,1
3218,test,female_9,1
3219,test,female_9,1
3220,test,male_8,0
3221,test,female_7,1
3222,test,male_8,0
3223,test,male_8,0
3224,test,female_9,1
3225,test,female_8,1
3226,test,female_8,1
3227,test,male_9,0
3228,test,female_8,1
3229,test,male_6,0
3230,test,female_9,1
3231,test,male_6,0
3232,test,female_9,1
3233,test,male_6,0
3234,test,female_9,1
3235,test,male_6,0
3236,test,male_6,0
3237,test,female_8,1
3238,test,male_6,0
3239,test,female_7,1
3240,test,male_8,0
3241,test,male_8,0
3242,test,female_9,1
3243,test,female_8,1
3244,test,male_8,0
3245,test,female_9,1
3246,test,female_7,1
3247,test,male_8,0
3248,test,female_9,1
3249,test,male_8,0
3250,test,female_8,1
3251,test,male_8,0
3252,test,male_8,0
3253,test,female_8,1
3254,test,female_9,1
3255,test,male_8,0
3256,test,female_8,1
3257,test,female_9,1
3258,test,male_8,0
3259,test,female_7,1
3260,test,male_8,0
3261,test,female_8,1
3262,test,male_8,0
3263,test,male_8,0
3264,test,female_8,1
3265,test,female_8,1
3266,test,female_9,1
3267,test,male_8,0
3268,test,male_6,0
3269,test,male_6,0
3270,test,male_8,0
3271,test,female_8,1
3272,test,female_9,1
3273,test,female_9,1
3274,test,male_8,0
3275,test,female_9,1
3276,test,female_8,1
3277,test,female_9,1
3278,test,female_8,1
3279,test,female_9,1
3280,test,male_2,0
3281,test,female_8,1
3282,test,female_8,1
3283,test,female_9,1
3284,test,male_8,0
3285,test,female_7,1
3286,test,female_9,1
3287,test,male_8,0
3288,test,female_9,1
3289,test,male_8,0
3290,test,female_8,1
3291,test,female_9,1
3292,test,male_2,0
3293,test,female_9,1
3294,test,female_9,1
3295,test,male_8,0
3296,test,male_6,0
3297,test,male_8,0
3298,test,male_8,0
3299,test,female_8,1
3300,test,female_9,1
3301,test,female_8,1
3302,test,female_9,1
3303,test,female_9,1
3304,test,female_9,1
3305,test,male_8,0
3306,test,female_8,1
3307,test,female_7,1
3308,test,male_6,0
3309,test,male_8,0
3310,test,female_9,1
3311,test,female_9,1
3312,test,female_8,1
3313,test,female_8,1
3314,test,female_8,1
3315,test,male_6,0
3316,test,female_8,1
3317,test,male_8,0
3318,test,female_8,1
3319,test,female_9,1
3320,test,female_8,1
3321,test,female_8,1
3322,test,female_9,1
3323,test,male_6,0
3324,test,male_6,0
3325,test,male_8,0
3326,test,female_8,1
3327,test,female_9,1
3328,test,male_6,0
3329,test,female_8,1
3330,test,male_8,0
3331,test,male_8,0
3332,test,female_8,1
3333,test,female_9,1
3334,test,male_8,0
3335,test,male_6,0
3336,test,female_9,1
3337,test,male_6,0
3338,test,female_8,1
3339,test,female_9,1
3340,test,female_9,1
3341,test,female_9,1
3342,test,male_8,0
3343,test,female_8,1
3344,test,male_6,0
3345,test,female_8,1
3346,test,female_8,1
3347,test,female_9,1
3348,test,male_8,0
3349,test,female_8,1
3350,test,female_9,1
3351,test,female_8,1
3352,test,female_8,1
3353,test,male_8,0
3354,test,female_8,1
3355,test,male_8,0
3356,test,female_9,1
3357,test,female_9,1
3358,test,female_9,1
3359,test,male_6,0
3360,test,female_7,1
3361,test,female_9,1
3362,test,male_8,0
3363,test,female_8,1
3364,test,male_6,0
3365,test,male_8,0
3366,test,female_9,1
3367,test,female_9,1
3368,test,female_9,1
3369,test,female_9,1
3370,test,female_7,1
3371,test,female_9,1
3372,test,female_9,1
3373,test,male_8,0
3374,test,male_8,0
3375,test,female_8,1
3376,test,male_8,0
3377,test,female_9,1
3378,test,female_8,1
3379,test,male_8,0
3380,test,female_8,1
3381,test,female_8,1
3382,test,female_9,1
3383,test,female_9,1
3384,test,female_9,1
3385,test,female_8,1
3386,test,female_9,1
3387,test,female_8,1
3388,test,female_9,1
3389,test,female_8,1
3390,test,female_8,1
3391,test,female_9,1
3392,test,male_9,0
3393,test,female_8,1
3394,test,female_9,1
3395,test,female_7,1
3396,test,female_8,1
3397,test,male_8,0
3398,test,female_7,1
3399,test,female_7,1
3400,test,male_8,0
3401,test,female_9,1
3402,test,female_9,1
3403,test,female_9,1
3404,test,female_9,1
3405,test,male_8,0
3406,test,female_9,1
3407,test,female_8,1
3408,test,male_8,0
3409,test,male_8,0
3410,test,female_9,1
3411,test,female_7,1
3412,test,female_7,1
3413,test,male_8,0
3414,test,male_6,0
3415,test,male_2,0
3416,test,male_8,0
3417,test,female_7,1
3418,test,female_9,1
3419,test,female_9,1
3420,test,female_9,1
3421,test,female_8,1
3422,test,male_8,0
3423,test,male_8,0
3424,test,male_6,0
3425,test,female_8,1
3426,test,male_8,0
3427,test,female_8,1
3428,test,female_8,1
3429,test,female_9,1
3430,test,female_9,1
3431,test,female_7,1
3432,test,female_8,1
3433,test,female_8,1
3434,test,female_8,1
3435,test,male_8,0
3436,test,male_6,0
3437,test,female_7,1
3438,test,male_8,0
3439,test,female_8,1
3440,test,male_6,0
3441,test,female_7,1
3442,test,female_8,1
3443,test,female_8,1
3444,test,female_9,1
3445,test,male_8,0
3446,test,female_9,1
3447,test,female_9,1
3448,test,male_8,0
3449,test,female_7,1
3450,test,male_9,0
3451,test,male_9,0
3452,test,male_8,0
3453,test,female_8,1
3454,test,female_9,1
3455,test,female_9,1
3456,test,female_8,1
3457,test,male_8,0
3458,test,female_8,1
3459,test,female_8,1
3460,test,female_8,1
3461,test,female_7,1
3462,test,female_9,1
3463,test,female_8,1
3464,test,male_8,0
3465,test,male_6,0
3466,test,male_8,0
3467,test,male_8,0
3468,test,female_8,1
3469,test,male_8,0
3470,test,female_8,1
3471,test,female_9,1
3472,test,male_8,0
3473,test,female_8,1
3474,test,male_8,0
3475,test,female_9,1
3476,test,female_7,1
3477,test,female_9,1
3478,test,male_8,0
3479,test,female_9,1
3480,test,male_8,0
3481,test,male_2,0
3482,test,male_6,0
3483,test,male_8,0
3484,test,female_9,1
3485,test,male_6,0
3486,test,female_8,1
3487,test,male_6,0
3488,test,female_8,1
3489,test,female_9,1
3490,test,male_8,0
3491,test,female_9,1
3492,test,female_9,1
3493,test,female_9,1
3494,test,female_8,1
3495,test,female_8,1
3496,test,male_8,0
3497,test,female_9,1
3498,test,male_8,0
3499,test,male_8,0
3500,test,male_6,0
3501,test,male_8,0
3502,test,male_8,0
3503,test,female_9,1
3504,test,female_8,1
3505,test,female_8,1
3506,test,female_8,1
3507,test,male_6,0
3508,test,female_7,1
3509,test,male_6,0
3510,test,female_8,1
3511,test,female_8,1
3512,test,female_8,1
3513,test,female_9,1
3514,test,female_9,1
3515,test,male_8,0
3516,test,female_9,1
3517,test,female_8,1
3518,test,female_7,1
3519,test,female_9,1
3520,test,female_9,1
3521,test,female_8,1
3522,test,female_9,1
3523,test,female_8,1
3524,test,female_8,1
3525,test,female_8,1
3526,test,male_8,0
3527,test,male_8,0
3528,test,female_9,1
3529,test,female_7,1
3530,test,male_8,0
3531,test,female_8,1
3532,test,male_6,0
3533,test,male_6,0
3534,test,male_8,0
3535,test,female_9,1
3536,test,female_8,1
3537,test,male_8,0
3538,test,female_9,1
3539,test,female_7,1
3540,test,female_8,1
3541,test,male_8,0
3542,test,male_6,0
3543,test,male_8,0
3544,test,female_8,1
3545,test,male_8,0
3546,test,male_2,0
3547,test,female_8,1
3548,test,female_7,1
3549,test,male_6,0
3550,test,male_8,0
3551,test,male_8,0
3552,test,male_8,0
3553,test,male_6,0
3554,test,female_8,1
3555,test,female_8,1
3556,test,female_9,1
3557,test,female_7,1
3558,test,male_6,0
3559,test,female_9,1
3560,test,female_9,1
3561,test,male_8,0
3562,test,male_8,0
3563,test,male_8,0
3564,test,female_9,1
3565,test,female_9,1
3566,test,female_7,1
3567,test,male_6,0
3568,test,female_8,1
3569,test,female_8,1
3570,test,male_8,0
3571,test,female_8,1
3572,test,male_8,0
3573,test,male_8,0
3574,test,female_8,1
3575,test,male_6,0
3576,test,male_8,0
3577,test,female_9,1
3578,test,female_9,1
3579,test,female_8,1
3580,test,female_9,1
3581,test,male_8,0
3582,test,female_9,1
3583,test,female_8,1
3584,test,female_8,1
3585,test,female_7,1
3586,test,female_9,1
3587,test,female_8,1
3588,test,female_8,1
3589,test,female_8,1
3590,test,male_9,0
3591,test,male_8,0
3592,test,female_8,1
3593,test,female_9,1
3594,test,male_8,0
3595,test,female_9,1
3596,test,female_7,1
3597,test,female_9,1
3598,test,female_9,1
3599,test,male_8,0
3600,test,female_9,1
3601,test,female_8,1
3602,test,female_8,1
3603,test,male_6,0
3604,test,female_8,1
3605,test,male_8,0
3606,test,male_6,0
3607,test,female_9,1
3608,test,female_9,1
3609,test,male_6,0
3610,test,female_8,1
3611,test,female_9,1
3612,test,female_9,1
3613,test,female_9,1
3614,test,female_7,1
3615,test,male_8,0
3616,test,female_8,1
3617,test,female_8,1
3618,test,female_9,1
3619,test,male_8,0
3620,test,female_9,1
3621,test,female_9,1
3622,test,male_8,0
3623,test,female_7,1
3624,test,male_6,0
3625,test,female_9,1
3626,test,female_8,1
3627,test,male_8,0
3628,test,male_6,0
3629,test,female_8,1
3630,test,female_8,1
3631,test,female_8,1
3632,test,male_8,0
3633,test,male_2,0
3634,test,female_8,1
3635,test,female_8,1
3636,test,male_8,0
3637,test,male_8,0
3638,test,female_9,1
3639,test,female_8,1
3640,test,female_8,1
3641,test,female_9,1
3642,test,female_8,1
